ThoiGian,Diem1_30,Diem1_120,Diem1_210,Diem2_30,Diem2_120,Diem2_210,Diem3_30,Diem3_120,Diem3_210,Diem4_30,Diem4_120,Diem4_210,Diem5_30,Diem5_120,Diem5_210,Diem6_30,Diem6_120,Diem6_210
"2020-12-17 08:00:48",24.21,23.05,23.3,23.53,24.7,23.37,23.43,23.81,23.63,23.3,23.67,23.48,24.27,22.62,22.51,19.25,20.23,17.04
"2020-12-17 08:30:48",24.96,25.48,28.97,24.11,24.42,24.39,22.06,23.97,22.33,23.05,22.41,23.96,24.83,22.83,24.43,17.4,19.97,18.63
"2020-12-17 09:00:48",27.61,26.82,23.77,23.96,23.57,23.35,23.57,24.53,23.15,22.14,23.31,24.26,24.97,23.23,23.84,21,17.2,21.52
"2020-12-17 09:30:48",24.54,24.21,26.11,23.36,23.9,24.61,24.07,23.68,24.61,23.32,24.1,22.72,22.21,24.62,24.6,20.36,17.83,18.19
"2020-12-17 10:00:48",26.41,23.46,28.71,22.88,23.72,22.24,23.1,24.71,23.19,24.79,22.13,23.28,23.78,24.33,24.8,19.56,17.58,19.94
"2020-12-17 10:30:48",29.15,27.77,28.41,24.44,22.53,24.46,23.34,22.26,22.75,24.86,23,23.65,22.84,23.56,23.73,21.32,19.25,19.58
"2020-12-17 11:00:48",22.69,23.68,26.4,24.41,24.97,24.74,24.87,22.12,23.22,23.45,22.42,23.41,22.53,24.5,23.95,20.18,20.82,19.8
"2020-12-17 11:30:48",27.46,26.37,23.04,22.16,23.06,22.74,24.49,23.44,22.81,24.16,24.09,23.31,23.52,22.26,24.5,21.88,19.5,18.52
"2020-12-17 12:00:48",29.31,24.21,28.21,24.59,22.45,24.13,24.5,22.99,23.32,24.11,24.22,24.2,23.64,23.48,23.96,21.92,19.84,21.54
"2020-12-17 12:30:48",22.82,22.54,22.71,24.11,22.27,24.85,23.36,24.44,22.81,23.98,24.43,23.59,22.68,23.9,23.73,18.15,21.72,17.44
"2020-12-17 13:00:48",26.74,27.67,26.52,23.28,22.92,24.78,23.49,23.31,24.47,24.95,22.48,24.63,24.35,23.19,24.95,20.74,19.66,19.32
"2020-12-17 13:30:48",27.93,29.09,23.01,24.16,24.1,24.47,24.02,23.44,24.33,24.74,23.76,23.67,22.96,22.12,22.85,19.53,19.28,20.54
"2020-12-17 14:00:48",29.47,28.59,28.78,23.55,24.44,23.08,24.86,24.79,23.04,24.43,23.42,23.28,23.48,24.98,24.9,18.65,20.87,18.04
"2020-12-17 14:30:48",27.42,28.15,27.56,22.58,23.7,23.81,22.83,22.16,22.39,22.49,22.42,22.3,22.85,23.57,23.67,19.65,17.29,21.2
"2020-12-17 15:00:48",28.73,23.01,25.35,24.08,22.11,22.87,22.82,23.46,22.98,23.08,22.53,24.61,22.55,22.5,23.71,21.63,18.45,21.1
"2020-12-17 15:30:48",29.33,26.59,29.06,23.57,23.05,24.03,23.98,24.02,24.88,23.13,24.24,24.37,23.59,24.41,22.96,21.5,19.51,19.83
"2020-12-17 16:00:48",27.07,23.04,22.66,23.42,23.58,22.94,22.44,24.07,22.93,24.02,23.34,22.42,24.87,23.48,24.86,19.8,18.48,21.29
"2020-12-17 16:30:48",29.15,29.19,26.32,22.82,22.99,22.2,22.4,24.24,23.87,24.59,23.83,22.54,23.48,22.29,22.52,19.6,20.63,19.05
"2020-12-17 17:00:48",27.64,29.18,27.15,24.54,24.27,22.82,22.46,24.94,24.19,23.84,23.6,23.92,24.72,23.87,24.31,19.16,20.18,18.14
"2020-12-17 17:30:48",23.33,25.88,25.03,24.1,23.18,24.67,22.8,23.93,23.76,23.34,23.67,24.29,23.6,22.87,23.03,17.5,18.03,19.89
"2020-12-17 18:00:48",28.98,28.18,26.62,23.93,23.23,24.58,23.5,22.7,24.38,23.04,23.87,24.15,22.4,23.27,23.21,18.71,17.16,17.35
"2020-12-17 18:30:48",25.82,26.79,25.26,23.52,23.16,22.32,24.24,23.19,23.14,22.96,24.24,22.65,23.69,23.77,22.01,21.3,19.99,20.9
"2020-12-17 19:00:48",29.03,28.94,25.85,24.03,23.92,23.67,23.75,24.3,23.82,24.69,22.87,23.34,22.3,24.82,23.71,21,20.68,21.91
"2020-12-17 19:30:48",25.15,24.56,27.89,22.85,23.6,23.82,23.62,24.93,23.31,24.87,22.68,24.71,24.02,23.65,23.49,17.4,20.64,19.48
"2020-12-17 20:00:48",24.57,23.04,27.48,22.95,23.08,24.88,24.91,22.29,22.39,22.62,24.97,22.33,22.33,24.18,22.06,20.92,20.05,18.95
"2020-12-17 20:30:48",22.99,29.46,23.98,22.87,22.91,23.43,22.48,22.07,23.22,22.6,22.12,24.46,23.2,24.97,24.04,19.29,21.97,21.97
"2020-12-17 21:00:48",22.76,22.57,23.22,23.64,22.2,23.54,22.2,22.75,22.88,24.96,23.37,23.54,24.83,22.57,23.39,19.38,18.01,18.01
"2020-12-17 21:30:48",24.94,26.64,29.24,24.46,23.31,24.05,22.33,24.18,23.13,23.61,22.58,24.3,24.01,22.37,22.53,19.69,21.77,18.38
"2020-12-17 22:00:48",25.09,22.93,26.31,23.05,24.75,23.51,23.08,22.35,24.86,22.41,22.62,24.46,23.52,24.58,22.52,17.24,19.04,20.4
"2020-12-17 22:30:48",24.49,28.5,25.13,23.41,23.23,24.42,23.18,24.62,23.99,22.36,22.53,23.22,22.48,24.24,22.18,17.83,19.5,19.9
"2020-12-17 23:00:48",27.68,22.95,25.33,24.28,22.62,23.22,23.44,22.47,22.27,24.9,24.96,24.96,23.82,22.76,22.71,18.44,19.29,17.73
"2020-12-17 23:30:48",23.03,24.56,23.23,24.13,23.73,23.16,23.18,24.28,23.19,24.69,24.8,22.37,24.8,24.6,23.91,18.34,21.61,18.78
"2020-12-18 00:00:48",24.92,24.46,27.53,22.74,24.8,24.45,23.58,24.22,24.65,24.71,23.18,24.53,24.36,22.39,22.43,18.68,21.72,18.7
"2020-12-18 00:30:48",25.94,27.38,23.72,24.15,24.88,24.89,22.5,24.41,22.36,22.38,22.22,24.12,24.05,24.07,24.99,21.53,18.99,21.16
"2020-12-18 01:00:48",23.59,23.27,28.82,22.74,23.96,24.58,24.06,22.06,24.54,24.17,24.59,22.42,24.39,22.27,24.56,18.49,20.85,20.3
"2020-12-18 01:30:48",26.19,24.07,23.57,22.01,22.7,22.97,23.85,23.18,23.81,24.8,23.28,24.49,24.88,24.48,22.04,19.93,19.85,17.04
"2020-12-18 02:00:48",23.27,25.74,24.84,22.21,22.4,24.82,24.7,24.15,22.61,22.3,22.26,24.19,23.85,24.72,24.35,21,20.62,19.29
"2020-12-18 02:30:48",24.17,26.48,27.64,24.24,23.45,22.89,22.94,24.48,23.05,23.23,23.96,22.28,22.45,23.67,23.85,19.66,18.79,18.58
"2020-12-18 03:00:48",28.67,28.64,25.45,23.37,22.46,23.52,23.14,22.18,22.9,22.83,23.96,24.59,23.93,23.27,23.56,19.45,18.53,18.49
"2020-12-18 03:30:48",27.56,28.52,29.15,24.97,24.08,22.83,24.03,23.16,24.61,24.49,23.22,22.43,24.32,23.55,24.16,18.06,19.89,17.92
"2020-12-18 04:00:48",24.92,25.16,27.27,23.19,22.92,24.02,22.87,24.59,22.91,22.45,23.98,23.88,24.58,24.51,23.22,19.68,17.19,21.04
"2020-12-18 04:30:48",25.57,25.74,25.86,24.58,25,23.21,23.67,24.31,22.16,22.8,24.18,24.15,23.81,24.05,22.12,19.37,19.53,19.99
"2020-12-18 05:00:48",27.94,29.17,26.88,22.08,24.39,23.72,23.85,23.4,22.07,24.49,24.83,24.65,22.16,24.1,24.51,19.12,18.02,21.74
"2020-12-18 05:30:48",23.11,27.25,24.25,23.42,23.88,23.41,24.89,23.92,23.24,24.37,22.67,22.79,22.5,22.51,22.29,18.83,17.91,20.94
"2020-12-18 06:00:48",24.2,26.67,23.08,24.43,22,22.93,22.93,24.74,22.44,23.04,23.03,24.2,22,24.85,23.52,21.46,21.85,20.62
"2020-12-18 06:30:48",26.8,24.72,23.18,22.36,22.44,22.91,22.85,24.2,23.37,24.02,23.26,23.48,22.81,22.24,23.28,18.65,20.63,21.59
"2020-12-18 07:00:48",23.3,23.28,26.87,22.56,23.56,23.53,23.24,23.29,22.55,22.58,24.73,23.96,24.47,24.84,24.43,19.68,20.19,20.82
"2020-12-18 07:30:48",27.25,28.24,23.2,23.46,24.58,24.51,22.2,23.06,24.8,22.97,24.5,24.6,24.51,24.48,24.85,19.53,19.23,19.67
"2020-12-18 08:00:48",27.03,28.26,28.63,23.47,23.49,23.91,23.71,23.44,24.29,24.43,23.92,23.48,23.51,24.1,24.62,19.5,18.88,17.85
"2020-12-18 08:30:48",27.35,27.54,25.55,23.77,22.73,23.58,22.34,24.85,24.22,24.11,22.04,23.9,23.99,23.85,24.19,21.96,21.35,19.44
"2020-12-18 09:00:48",24.09,27.74,27.86,23.26,23.7,23.72,22,22.06,22.08,24.7,23.66,24.06,23.23,24.7,24.2,19.75,17.76,20.39
"2020-12-18 09:30:48",24.54,28.77,25.13,24.89,23.73,24.39,24,23.11,24.58,22.34,24.05,23.59,22.27,24.43,22.09,18.45,19.78,19.9
"2020-12-18 10:00:48",23.39,26.35,22.5,23.96,23.87,24.38,22.49,23.01,24.42,23.47,22.87,23.06,22.54,23.38,23.6,18.75,17.27,17.36
"2020-12-18 10:30:48",27.13,25.49,23.37,23.42,24.73,24.84,22.79,22.62,24.86,23.25,23.54,23,24.64,22.2,24.7,18.17,17.69,18.53
"2020-12-18 11:00:48",25.31,23.14,26.2,23.02,23.77,24.15,22.57,22.07,23.31,23.87,23.45,22.57,22.88,22.2,23.94,17.69,17.37,18.41
"2020-12-18 11:30:48",27.84,25.21,29.17,23.46,24.62,22.44,24.65,24.24,23.25,24.97,22.58,24.89,23.55,22.39,24.45,18.49,18.98,19.57
"2020-12-18 12:00:48",25.07,27.47,22.86,23.2,24.38,23.93,23.86,23.37,23.65,24.3,23.12,23.13,22.72,24.97,23.17,17.55,19.86,18.77
"2020-12-18 12:30:48",25.6,22.77,27.77,23.69,22.87,24.37,24.22,22.45,24.06,22.64,22.65,23.82,22.77,24.59,24.47,20,21.82,21.43
"2020-12-18 13:00:48",27.74,23.46,26.66,22.05,23.33,23.37,23.06,23.06,22.31,22.45,24.77,23.41,24.76,24.96,23.36,17.29,20.17,18.86
"2020-12-18 13:30:48",23.2,28.43,23.7,23.45,24.68,23.5,24.52,24.41,23.43,23.13,24.58,23.05,24.96,24.92,23.22,20.84,17.39,19.82
"2020-12-18 14:00:48",25.85,23.66,27.51,23.16,24.12,24.72,24.58,24.49,22.2,24.91,24.65,23.2,24.49,23.54,24.34,19.43,18.78,19.86
"2020-12-18 14:30:48",27.71,23.52,23.97,22.04,22.06,24.13,22.04,24.06,22.54,23.6,22.49,22.94,23.09,24.87,22.49,17.19,21.58,17.51
"2020-12-18 15:00:48",23.84,29.27,23.35,22.3,24.69,24.27,24.91,23.23,23.02,22.36,23.39,23.02,22.03,22.01,23.23,21.33,18.68,21.39
"2020-12-18 15:30:48",22.59,23.44,25.1,24,22.47,24,23.9,23.62,22.67,23.99,24.23,24.04,22.61,24.58,23.65,18.78,21.52,19.74
"2020-12-18 16:00:48",25.24,29.42,28.02,24.14,22.79,22.66,24.79,24.1,22.16,22.66,24.62,23.36,24.24,22.03,23.63,21.42,20.09,17.57
"2020-12-18 16:30:48",29.27,23.78,28.22,22.96,24.11,23.24,22.85,22.17,22.67,22.05,23.48,22.07,23.42,24.57,23.79,17.25,19.95,18.72
"2020-12-18 17:00:48",22.7,25.77,23.17,22.5,24.45,24.92,23.65,22.81,24.15,24.69,23.5,24.84,23.21,22.77,23.24,21.42,18.92,17.5
"2020-12-18 17:30:48",23.84,28.57,29,23.96,23.84,22.35,23.24,24.66,24.7,24.07,24.33,22.35,23.39,24.42,24.63,20.91,18.48,21.9
"2020-12-18 18:00:48",23.04,23.2,28.26,24.83,24.55,24.11,22.12,23.25,22.58,23.54,22.66,24.46,23.61,24.4,22.51,21.98,19.15,19.4
"2020-12-18 18:30:48",28.82,23.85,25.29,23.81,24.73,23.43,23.65,24.67,24.76,23.93,22.02,22.54,22.32,22.51,22.1,17.77,17.51,21.64
"2020-12-18 19:00:48",27.29,25.99,24.57,23.03,24.94,23.21,23.99,22.14,22.93,24.28,24.07,23.86,24.71,23.06,23.77,18.59,18.41,20.7
"2020-12-18 19:30:48",26.76,25.27,27.59,24.03,23.73,22.93,24.59,23.44,22.01,24.98,23.13,23.52,22.54,23.5,24.72,18.92,18.99,21.32
"2020-12-18 20:00:48",26.82,22.54,27.02,22.12,23.38,23.66,23.68,22.69,22.55,23.47,22.42,24.75,23.7,24.17,23.32,20.77,20.68,18.32
"2020-12-18 20:30:48",24.01,29.46,29.34,22.87,23.02,24.04,24.07,24.69,24.51,22.3,23.53,23.38,24.22,23.07,22.2,20.4,21.51,19.99
"2020-12-18 21:00:48",25.39,27.32,25.47,22.18,22.99,23.36,24.59,24.69,22.73,23.52,23.8,23.92,22.82,23.6,24.22,21.69,17.25,17.53
"2020-12-18 21:30:48",28.28,22.52,24.91,23.34,23.34,24.66,22.2,22.25,23.72,24.46,23.66,22.03,22.57,22.97,22.8,21.65,18.12,20.73
"2020-12-18 22:00:48",22.9,25.22,28.38,24.59,23.3,22.41,23.45,23.35,22.57,24.04,24.7,23.46,23.27,22.16,23.28,21.92,20.1,19.42
"2020-12-18 22:30:48",26.15,29.05,26.19,24.02,24.22,22.27,23.19,22.9,22.25,23.84,22.08,24.54,23.56,23.3,24.1,18.81,20.51,20.81
"2020-12-18 23:00:48",25.64,24.14,22.58,23.52,22.78,23.12,23.84,22.98,24.26,24.61,22,23.87,23.79,22.96,22.57,18.71,17.41,17.19
"2020-12-18 23:30:48",24.59,26.38,28.09,24.06,24.32,23.07,23.19,22.53,23.89,22.25,22.98,23.67,23.97,24.15,22.81,17.54,17.16,21.07
"2020-12-19 00:00:48",24.19,23.4,28.79,22.49,24.37,22.05,24.74,22.4,22.76,22.81,23.74,23.78,23.2,24.39,22.4,21.08,21.25,19.83
"2020-12-19 00:30:48",27.02,24.26,24.12,24.84,24.9,23.3,24.76,22.19,23.15,22.38,23.07,24.82,23.06,22.39,23.59,19.99,19.48,19.41
"2020-12-19 01:00:48",28.36,24.84,28.48,22.92,24.47,22.05,23.7,23.12,24.22,23.84,24.46,23.01,24.51,24.61,22.68,17.54,19.01,18.09
"2020-12-19 01:30:48",22.62,24.12,28.72,22.01,24.35,23.54,23.8,24.53,24.79,23.23,22.65,23.32,23.3,22.24,22.75,17.52,21.04,20.29
"2020-12-19 02:00:48",28.13,23.94,24.79,24.34,24.15,24.81,24.7,23.39,23.93,24.93,24.19,24.98,23.87,24.41,22.63,21.99,18.93,18.67
"2020-12-19 02:30:48",27.49,28.67,29.3,23.01,22.27,22.82,24.2,24.5,23.35,23.68,23.13,24.74,24.17,24.79,24.74,17.46,20.52,19.22
"2020-12-19 03:00:48",23.58,26.17,28.17,23.5,24.5,24.43,23.86,22.33,24.1,22.74,23.92,24.04,22.21,24.11,24.93,21.66,20.77,21.17
"2020-12-19 03:30:48",28.14,27.16,25.77,22.1,23.26,22.93,23.74,23.51,22.43,23.51,23.73,23.27,23.6,22.24,23.7,19.74,20.71,21.64
"2020-12-19 04:00:48",28.79,27.94,25.11,22.38,24.82,22.89,23.78,23.96,22.34,23.89,22.37,22.02,24.16,24.27,23.89,19.3,21.26,20.57
"2020-12-19 04:30:48",25.64,23.69,24.92,24.87,23.07,24.57,24.65,22.65,23.65,24.72,24.58,23.15,24.9,23.16,22.59,20.67,20.78,18
"2020-12-19 05:00:48",23.76,27.84,29.19,24.13,22.75,23.16,23.64,22.71,24.13,22.77,23.25,23.71,23.72,22.23,23.39,18.08,19.85,17.87
"2020-12-19 05:30:48",23.16,24.1,27.72,22.64,23.71,23.39,24.95,23.45,22.77,23.56,23.67,23.17,23.19,23.51,22.3,17.56,19.76,20.23
"2020-12-19 06:00:48",28.78,26.31,24.58,23.59,24.66,22.45,23.63,22.14,24.2,22.9,23.9,23.88,22.3,23.81,24.75,21.8,20.56,19.87
"2020-12-19 06:30:48",23.99,28.27,25.5,24.61,23.54,23.35,23.64,24.79,24.21,23.43,24.29,22.07,24.83,24.69,22.91,19.36,18.45,17.75
"2020-12-19 07:00:48",29.32,25.49,27.79,23.1,23.9,23.49,24.97,23.44,23.63,22.96,22.45,24.67,22.58,24.85,22.57,20.97,20.7,18.89
"2020-12-19 07:30:48",25.42,27.31,28.17,22.92,22.84,24.44,23.12,23.8,22.37,23.41,24.96,22.61,22.31,22.11,22.01,21.03,18.06,17.55
"2020-12-19 08:00:48",28.15,26.7,26.67,24.67,23.96,23.32,23.52,24.65,23.66,22.38,24.63,24.23,22.8,24.18,23.05,20.49,18.65,17.09
"2020-12-19 08:30:48",27.91,26.37,26.64,22.69,23.57,22.15,22.76,24.64,22.84,24.8,22.63,24.35,23.04,23.43,23.5,18.54,20.61,20.89
"2020-12-19 09:00:48",23.78,23.2,28.45,22.56,24.2,22.11,23.98,23.46,22.74,24.79,23.08,23.82,24.61,23.7,23.27,20.29,18.21,17.97
"2020-12-19 09:30:48",22.59,26.25,25.13,23.96,23.59,23.86,23.23,24.09,22.43,24.87,23.35,22.86,22.16,23.56,22.66,19.6,17.78,20.16
"2020-12-19 10:00:48",25.25,25.5,25.31,22.66,23.38,22.24,23.08,23.27,23.11,22.99,24.29,24.96,22.52,22.26,24.44,21.45,20.98,18.7
"2020-12-19 10:30:48",25.63,27.21,24.5,23.1,24.72,22.46,22.2,23.69,24.56,22.16,23.05,22.93,24.3,24.43,24.45,20.82,21.9,21.69
"2020-12-19 11:00:48",25.32,28.52,27.68,22.27,24.47,24.51,24.68,22.76,23.42,22.41,22.5,24.09,22.5,24.68,22.41,19.44,17.22,21.56
"2020-12-19 11:30:48",24.56,26.41,28.78,24.72,24.22,22.54,23.51,23.16,22.1,22.73,23.24,22.75,23.8,24.42,24.38,19.6,17.76,20.99
"2020-12-19 12:00:48",28.06,25.79,28.74,23.5,23.37,23.28,23.63,24.47,23.35,24.54,24.19,22.78,23.07,23.1,23.37,19.02,21.86,21.55
"2020-12-19 12:30:48",23.39,22.52,28.03,24.75,23.06,24.97,24.27,22.34,22.31,24.27,22.02,23.66,24.03,22.29,24.32,21.83,18.21,19.79
"2020-12-19 13:00:48",27.04,24.95,23.28,24.54,24.07,24.24,22.14,22.64,23.49,23.75,24.9,24.56,22.11,24.05,22.63,19.09,18.36,20.55
"2020-12-19 13:30:48",27.54,28.78,28.3,24.6,22.63,22.07,22.04,24.45,24.74,23.89,23.32,22.02,22.03,24.82,24.54,20.48,20.11,18.7
"2020-12-19 14:00:48",28.4,26.75,25.03,23.99,22.32,23.15,23.19,23.5,22.37,22.87,22.32,23.76,22.18,23.2,22.17,20.57,17.48,18.47
"2020-12-19 14:30:48",26.59,23.74,26.1,22.92,22.06,24.78,24.02,24.95,24.79,24.84,22.33,22.06,22.8,23.47,24.86,17.23,17.94,18.97
"2020-12-19 15:00:48",24.51,24.66,27.54,22.04,23.84,24.65,23.54,23.25,22.16,23.87,22.67,23.71,22.74,22.2,22.11,17.8,21.65,18.29
"2020-12-19 15:30:48",28.07,28.4,26.26,24.03,22.24,23.56,23.06,22.28,23.53,23.63,24.45,23.78,22.26,24.86,23.01,17.61,17.04,19.91
"2020-12-19 16:00:48",25.18,29.21,25.93,22.47,24.48,24.73,23.77,23.18,23.92,24.6,22.73,23.08,23.97,24.97,22.5,17.41,17.19,21.56
"2020-12-19 16:30:48",27.02,24.04,25.95,24.6,22.83,24.34,22.41,22.18,22.64,23.59,22.92,23.89,24.56,23.48,24.27,21.74,21.23,18.97
"2020-12-19 17:00:48",28.55,28.94,24.98,23.55,24.15,23.35,22.94,22.37,22.37,23.89,24.53,24.25,24.87,24.25,24.78,21.51,20.51,17.26
"2020-12-19 17:30:48",28.66,26.21,25.96,22.97,23.01,23.86,24.82,24.23,24.42,22.59,24.78,24.51,24.81,23.76,22.51,20.32,20.89,19.05
"2020-12-19 18:00:48",26.2,29.27,23.52,22.53,24.61,23.74,24.87,22.76,24.46,22.72,22.15,22.69,23.32,22.53,24.7,17.18,19.37,17.01
"2020-12-19 18:30:48",25.2,29.02,27.02,23.04,24.87,22.1,24.85,23.38,23.43,24.49,22.43,24.17,23.88,22.99,23.04,18.29,18.85,19.17
"2020-12-19 19:00:48",29.09,23.92,27.89,23.15,24.69,23.56,23.03,24.68,24.97,22.1,24.68,22.14,22.61,22.17,24.08,18.37,19.98,18.45
"2020-12-19 19:30:48",29.11,29.03,23.93,23.47,23.99,24.73,22.97,23.32,22.08,22.01,23.95,24.28,22.36,22.8,23.24,21.47,20.41,20.36
"2020-12-19 20:00:48",25.89,25.73,28.39,23.48,23.76,23.78,24.3,22.03,24.74,24.24,23.66,23.36,23.72,24.81,22.26,21.14,18.15,19.64
"2020-12-19 20:30:48",27.46,25.6,27.89,24.23,23.33,23.8,24,23.79,22.67,22.3,23.1,22.28,22.79,23.47,23.57,20.49,19.57,19.83
"2020-12-19 21:00:48",27.85,27.92,24.44,23.89,23.63,23.74,22.52,23.07,22.78,24.88,23.25,23.51,23.23,22.05,23.29,21.04,19.36,19.92
"2020-12-19 21:30:48",27.65,22.76,27.85,24.18,23.11,23.43,24.97,24.76,24.04,23.15,23.28,24.77,24.95,23.92,22.6,17.11,21.62,18.93
"2020-12-19 22:00:48",28.34,22.89,24.05,22.04,23.86,24.72,23.77,24.75,22.11,22.51,23.59,23.24,24.15,23.42,22.85,19.34,20.09,21.73
"2020-12-19 22:30:48",26.31,25.73,23.6,22.69,24.85,24.94,23.93,23.22,23.27,22.16,22.21,24.18,23.79,24.51,23.74,17.38,18.38,18.14
"2020-12-19 23:00:48",28.15,24.85,27.97,23.4,24.43,23.52,24.85,24.67,24.89,22.57,22.45,22.07,23.64,23.41,23.82,19.99,21.07,20.55
"2020-12-19 23:30:48",28.92,29.22,23.4,24.36,24.41,24.61,22.66,22.71,22.97,22.26,24.18,22.3,23.87,23.52,24.75,17.03,21.38,19.93
"2020-12-20 00:00:48",23.07,25.63,27.46,24.47,22.3,24.3,23.94,24.05,22.34,22.79,24.35,23.34,23.27,24.17,22.98,21.87,19.19,17.33
"2020-12-20 00:30:48",26.92,23.26,24.89,23.59,24.03,23.72,22.82,22.66,23.45,23.65,24.78,24.45,23.78,22.07,23.35,19.45,20.63,20.21
"2020-12-20 01:00:48",24.74,25.53,22.99,22.87,24.96,22.61,22.2,23.11,24.2,24.62,22.68,22.91,23.3,24.66,23.98,20.67,18.93,21.35
"2020-12-20 01:30:48",22.98,25.61,28.69,24.25,22.71,22.28,23.93,22.83,23.51,22.75,24.48,24.12,23.91,23.46,23.01,19.46,21.91,21.7
"2020-12-20 02:00:48",27.99,25.34,28.24,22.26,24.73,22.6,22.2,23.32,23.63,23.78,24.23,24.81,23.99,24.41,22.24,17.05,19.7,17.05
"2020-12-20 02:30:48",24.93,28.3,26.3,23.51,22.16,24.26,23.85,22.39,22.66,24.09,23.68,22.34,24.95,23.51,22.08,17.07,19.55,21.7
"2020-12-20 03:00:48",29.48,29.07,23.69,23.22,23.96,23.62,24.03,23.05,24.92,23.11,23.25,23.95,22.12,22.1,24.9,20.88,21.55,21.19
"2020-12-20 03:30:48",23.56,22.95,29.17,22.79,22.74,22.96,22.81,22.59,24.59,22.8,22.16,24.51,24.93,23.99,24.07,20.9,17.98,21.71
"2020-12-20 04:00:48",25.49,28.56,24.81,24.18,24.61,24.48,24.36,23.32,22.68,22.75,23.75,23.94,24.96,23.48,24.16,17.15,20.71,20.86
"2020-12-20 04:30:48",27.35,29.07,25.08,23,23.08,22.6,24.26,22.56,22.95,24.15,22.03,23.36,24.3,24.2,23.7,17.25,19.38,21.92
"2020-12-20 05:00:48",24.72,26.46,25.91,24.92,23.07,22.47,23.97,24.75,24.15,22.61,23.46,22.23,22.17,22.53,23.95,21.63,18.12,20.58
"2020-12-20 05:30:48",27.5,28.37,27.5,24.07,24.77,23.79,22.81,22.07,23.56,24.79,23.75,23.83,22.94,24.48,24.85,17.7,20.22,19.45
"2020-12-20 06:00:48",24.63,23.33,26.76,22.35,23.71,23.53,22.54,22.89,23.92,22.6,22.6,23.34,24.38,24.03,24.04,17.62,17.28,20.49
"2020-12-20 06:30:48",26.07,28.6,26.48,23.21,22.68,23.41,23.21,22.6,23.73,23.6,22.84,23.36,22.07,23.15,23.87,18.68,21.68,21.61
"2020-12-20 07:00:48",26.84,23.12,22.99,22.89,23.81,22.77,22.8,22.94,22.73,24.49,24.92,24.51,22.46,23.62,22.51,21.84,21.76,17.03
"2020-12-20 07:30:48",24.9,28.28,29.27,24.36,24.2,23.11,23.2,24.63,22.03,23.54,22.54,22.36,24.28,24.78,23.07,18.9,19.63,21.66
"2020-12-20 08:00:48",25.65,28.27,27.54,23.87,24.78,22.78,22.35,24.78,22.77,24.13,22.82,22.52,24.76,23.01,23.81,20.96,20.48,17.2
"2020-12-20 08:30:48",25.34,26.35,23.24,24.62,24,22.63,24.9,23.55,24.35,22.97,24.14,24.06,22.82,22.28,22.43,19.11,17.44,17.45
"2020-12-20 09:00:48",27.34,27.76,24.05,24.83,23.39,24.16,24.05,22.34,22.89,23.36,24.14,24.11,22.6,23.76,23.97,18.67,18.78,18.2
"2020-12-20 09:30:48",23.93,28.4,28.35,24.17,22.72,23.35,22.12,22.11,24.58,24.27,22.97,22.14,23.58,24.62,22.73,18.82,20.11,18.78
"2020-12-20 10:00:48",25.7,26.59,22.72,23.5,24.37,22.87,23.18,24.44,24,22.44,22.72,22.76,22.58,24.07,23.09,18.16,18.08,17.47
"2020-12-20 10:30:48",26.5,22.87,26.21,24.18,23.12,23.63,24.46,22.33,24.87,22.7,23.47,22.06,24.95,22.87,22.82,18.36,17.35,18.52
"2020-12-20 11:00:48",23.19,27.54,24.54,23.25,22.41,24.18,24.31,24.22,23.97,22.09,23.87,23.35,23.04,23.2,24.37,21.66,19.12,21.34
"2020-12-20 11:30:48",26.62,25.52,23.94,24.57,22.33,22.05,22.28,23.59,24.26,23.53,24.65,23.11,24.39,22.98,22.38,18.17,20.93,21.76
"2020-12-20 12:00:48",24.7,24.98,27.59,23.34,24.46,23.85,23.57,24.42,24.64,22.52,22.11,24.9,22.96,23.33,23.65,21.39,19.61,20.67
"2020-12-20 12:30:48",26.98,23.45,28.78,22.99,25,24.45,23.69,22.12,22.85,23.82,22.66,23.75,24.66,23.82,23.89,19.22,18.44,18.62
"2020-12-20 13:00:48",24.63,24.71,29.02,23.4,24.81,23.98,24.88,22.03,23.83,24.67,22.74,23.8,22.48,23.57,22.91,19.29,21.86,17.76
"2020-12-20 13:30:48",27.83,27.08,25.07,22.71,24.16,24.12,24,22.3,24.34,24.85,23.7,24.76,24.66,22.73,24,18.6,17.03,20.54
"2020-12-20 14:00:48",26.18,24.57,27.79,24.91,23.25,22.34,24.41,23.99,24.6,22.02,24.6,23.91,24.19,22.36,24.31,18.6,20.32,19.45
"2020-12-20 14:30:48",28.92,26.08,22.55,23.78,23.27,22.27,24.18,22.31,22.88,24.22,22.58,24.03,23.5,23.57,23.76,19.86,18.41,21.68
"2020-12-20 15:00:48",25.03,28.36,28.22,24.63,23.23,23.29,22.6,24.94,23.12,22.91,24.28,24.86,23.33,24.15,23.41,18.99,21.24,18.57
"2020-12-20 15:30:48",27.07,29.03,22.98,24.37,23.55,24.1,23.88,22.75,24.31,24.33,24.81,23.4,24.15,23.55,24.52,21.91,19.66,21.78
"2020-12-20 16:00:48",27.98,26.65,24.15,23.3,24.78,24.55,24.14,24.67,23.13,24.68,23.36,22.55,22.47,24.22,22.16,19.57,21.92,18.05
"2020-12-20 16:30:48",24.53,26.68,28.83,22.76,23.74,22.87,22.1,22.96,23.03,24.55,23.59,23.95,24.5,22.23,24.49,22,21.85,20.54
"2020-12-20 17:00:48",27.25,28.27,28.87,22.22,23.58,23.48,24.73,22.8,22.28,24.83,22.92,23.25,22.93,23.66,24.98,18.22,17.47,18.98
"2020-12-20 17:30:48",27.71,26.76,23.64,23.89,23.85,24.7,24.03,23.71,24.35,22.84,22.09,23.74,22.5,22.44,22.42,18.89,17.5,19.65
"2020-12-20 18:00:48",27.31,26.69,26.1,24.44,22.32,23.11,23.4,23.46,23.48,22.43,23.08,22.78,22.84,24.71,23.97,18.37,18.76,17.52
"2020-12-20 18:30:48",26.27,28.49,28.39,22.64,22.99,23.3,24.03,24.07,23.12,24.89,24.99,23.79,24.99,23.92,22.43,18.32,17.29,19.67
"2020-12-20 19:00:48",23.3,27.12,23.48,24.14,23.32,23.85,23.21,24.51,24.72,24.24,23.41,23.58,22.26,24,23.82,19.73,18,18.69
"2020-12-20 19:30:48",27.6,26.51,24.38,24.36,22.71,23.18,22.13,24.79,22.3,23.38,22.94,22.97,24.3,22.29,22.73,19.92,21.94,18.01
"2020-12-20 20:00:48",25.48,24.64,27.74,22.45,23.13,24.15,23.57,24.23,24.1,23.8,22.31,24.94,23.28,22.69,22.87,21.47,20.06,17.85
"2020-12-20 20:30:48",24.53,22.87,24.55,24.77,22.7,23.66,22.73,24.88,22.1,22.23,23.92,23.49,23.28,22.84,22.02,21.69,18.61,17.67
"2020-12-20 21:00:48",27.99,27.41,27.99,23.77,24.42,22.87,24.77,22.61,22.96,24.97,24.08,22.89,23.26,23.82,22.7,18.29,21.25,20.86
"2020-12-20 21:30:48",23.51,25.14,26.94,24.85,24.02,22.24,22.13,22.19,23.47,23.47,24.41,22.13,23.53,23.44,22.34,18.86,17.39,19.79
"2020-12-20 22:00:48",25.67,27.02,28.54,22.75,24.38,22.73,22.48,22.84,23.59,22.8,24.85,24.65,23.23,23.16,23.69,21.36,17.41,18.05
"2020-12-20 22:30:48",24.29,28.83,28.89,23.88,23.19,22.13,23.1,22.38,24.54,23.1,22.57,22.62,24.75,24.13,24.97,18.44,21.91,19.59
"2020-12-20 23:00:48",24.26,25.97,28.61,22.29,24.83,22.91,22.13,22.54,22.58,22,24.49,22.43,22.86,24.66,22.92,18.01,17.2,20.11
"2020-12-20 23:30:48",24.75,27.76,27.32,22.99,24.13,23.1,23.91,22.99,24.38,22.14,22.26,22.37,24.15,22.21,22.03,20.03,19.55,21.12
"2020-12-21 00:00:48",26.95,28.55,26.25,23.84,22.51,23.35,24.31,22.58,23.13,23.23,24.26,22.35,22.66,22.41,22.9,20.77,19.13,21.85
"2020-12-21 00:30:48",26.55,25.04,26.9,24.53,23.99,24.41,24.67,22.9,23.88,24.91,22.8,23.3,23.4,22.68,22.63,17.58,19.99,17.28
"2020-12-21 01:00:48",25.47,27.68,23.57,22.87,24.61,22.84,22.25,22.45,22.63,23.78,23.64,22.07,24.43,23.31,22.81,19.6,18.69,21.75
"2020-12-21 01:30:48",25.45,24.87,24.8,24.59,23.44,22.66,22.99,22.39,24.06,24.27,23.33,22.46,22.85,22.41,23.92,18.64,21.26,20.65
"2020-12-21 02:00:48",25.39,22.53,25.36,22.76,24.52,24.92,24.02,24.04,24.46,23.4,23.01,23.18,22.98,24.45,23.97,17.77,21.63,19.56
"2020-12-21 02:30:48",29.38,23.64,28.43,22.28,23.25,23.24,24.25,24.83,24.03,23.24,23.82,24.47,24.55,23.38,22.9,17.37,17.97,20.67
"2020-12-21 03:00:48",26.98,22.73,22.63,22.4,22.19,24.78,24.41,23.38,23.56,22.93,23.03,24.35,22.72,23.96,22.22,20.26,18.68,19.04
"2020-12-21 03:30:48",22.66,23.49,23.36,22.07,24.67,24.5,22.87,23.04,22.89,22.34,23.09,24.18,23.24,22.34,22.15,19.09,20.31,17.63
"2020-12-21 04:00:48",29.21,26.49,29.33,22.55,24.52,22.93,22.01,22.48,24.73,22.18,22.45,23.71,24.06,24.4,24.63,19.21,21.84,20.63
"2020-12-21 04:30:48",26.06,26.1,25.28,22.43,24.37,23.49,23.44,24.62,22.36,22.81,22.89,24.14,22.05,22.67,22.81,18.52,20.7,21.25
"2020-12-21 05:00:48",24.24,24.9,23.77,24.83,23.12,22.56,23.56,24.93,22.47,23.69,22.77,23.2,23.74,23.67,24.65,19.54,17.69,17.55
"2020-12-21 05:30:48",24.99,23.69,22.61,23.48,24.97,22.5,23.31,22.09,24.81,23.8,23.21,24.17,22.09,24.44,24.42,20.12,17.79,18.58
"2020-12-21 06:00:48",27.17,29.46,29.18,22.26,24.04,23.62,22.62,22.01,24.34,22.22,22.18,24.09,24.23,24.55,23.63,21.01,18.09,21.94
"2020-12-21 06:30:48",25.83,26.07,27.38,22.53,22.26,22.19,23.85,23.76,22.71,22.75,24.42,23.83,23.97,22.7,22.6,21.46,17.44,17.25
"2020-12-21 07:00:48",24.43,29.19,25.05,24.7,24.4,24.1,23.22,22.52,24.05,23.32,22.81,22.24,22.42,24.41,23.78,17.44,20.45,18.46
"2020-12-21 07:30:48",29.43,28.48,22.75,23.34,22.89,23.6,23.46,24.67,24.83,22.96,22.04,23.68,24.96,23.2,23.02,17.34,21.17,21.8
"2020-12-21 08:00:48",29.32,24.09,26.33,23.2,24.8,23.98,24.78,23.53,24.12,24.09,24.38,23.14,22.58,24.63,22.63,19.69,19.56,21.42
"2020-12-21 08:30:48",24.35,27.33,24.57,22.85,23.3,22.66,22.61,23.65,23.45,24.66,24.88,24.27,22.69,23.33,23.34,20.15,19.22,21.22
"2020-12-21 09:00:48",25.56,28.4,28.99,22.97,24.8,23.54,23.09,24.2,22.38,23.66,22.31,24.91,24.07,23.08,22.78,21.85,20.95,18.24
"2020-12-21 09:30:48",26.42,26.81,26.47,23.63,24.12,24.58,23.67,23.06,22.66,22.58,24.9,24.93,22.62,23.62,22.05,21.81,17,21.24
"2020-12-21 10:00:48",24.44,27.93,26.55,23.68,22.26,24.05,22.53,22.96,22.76,24.48,24.04,22.94,23.98,23.36,22.44,17.27,21.91,17.61
"2020-12-21 10:30:48",23.74,22.68,23.46,24.88,24.42,23.14,24.62,23.45,24.15,23.03,24.77,22.97,24.89,23.01,23.03,20.76,17.41,17.53
"2020-12-21 11:00:48",23.54,29.16,24.67,23.09,23.19,23.32,22.4,24.84,23.57,22.98,24.28,24.82,22.4,22.37,22.36,18.86,18.35,18.9
"2020-12-21 11:30:48",22.52,23.65,23.02,22.27,23.2,23.3,22.92,22.36,23.64,24.9,22.99,22.47,22.13,22.18,23.59,19.97,19.62,20.76
"2020-12-21 12:00:48",23.4,27.01,27.99,23.75,24.44,24.1,22.47,24.85,24,23.59,22.09,24.51,24.93,22.59,24.43,17.04,19.93,17.92
"2020-12-21 12:30:48",27.67,26.55,29.18,22.76,24.16,23.32,23.77,23.79,23.91,24.49,24.37,22.29,24.9,23.96,23.98,17.61,17.82,17.81
"2020-12-21 13:00:48",24.44,27.58,23.61,24.7,24.8,22.24,24.14,24.76,22.98,23.54,23.37,22.84,23.68,22.03,23.88,20.64,19.09,21.66
"2020-12-21 13:30:48",26.73,26.34,26.58,23.02,24.24,22.43,22.37,23.75,24.51,22.66,24.69,23.15,23.86,24.49,22,19.51,18.77,17.29
"2020-12-21 14:00:48",23.59,24.14,28.82,24.3,23.74,22.74,24.05,23.61,22.01,23.69,22.71,22.37,24.96,24.33,24.55,20.7,18.78,18.88
"2020-12-21 14:30:48",26.05,27.95,23.42,24.37,22.8,22.84,24.22,24.32,23.9,22.04,24.53,22.38,22.63,23.05,22.38,17.56,19.47,19.45
"2020-12-21 15:00:48",27.56,26.91,28.19,24.83,24.23,22.59,22.57,24.42,22.06,23.62,22.1,23.79,22.26,22.66,24.67,17.46,18.5,21.94
"2020-12-21 15:30:48",26.57,25.57,25.76,22.76,23.1,22.59,24.8,23.43,24.48,23.04,22.54,24.45,23.98,24.37,22.78,18.88,17.63,20.74
"2020-12-21 16:00:48",27.68,22.98,25.21,24.38,24.06,23.27,22.83,22.81,22.92,22.35,23.48,24.86,23.58,24.32,24.13,17.48,17.54,17.64
"2020-12-21 16:30:48",26.49,24.15,23.84,24.82,24.58,23.1,22.72,22.96,23.68,23.29,23.13,22.9,23.99,22.04,24.95,19.12,18.76,20.06
"2020-12-21 17:00:48",25.69,27.22,27.13,22.91,22.25,22.53,24.63,23.26,24.45,24.62,23.41,24.92,24.94,24.11,23.42,18.17,17.49,20.18
"2020-12-21 17:30:48",23.09,27.4,23.51,23.53,23.73,24.27,23.13,23.39,24.9,24.4,24.06,24.07,22.71,22.63,23.85,18.03,20.81,18.42
"2020-12-21 18:00:48",26.08,25.09,23.05,23.14,22.2,22.6,22.62,24.5,24.08,24.4,23.45,22.03,22.4,22.85,23.91,21.16,18.98,21.73
"2020-12-21 18:30:48",22.66,27.01,27.51,22.07,23.37,24.08,22.37,22.86,22.66,23.86,23.89,24.81,22.77,24.1,24.06,17.57,17.28,20.21
"2020-12-21 19:00:48",24.17,26.67,29.44,22.54,22.83,23.21,23.32,24.69,22.61,24.94,23.31,24.52,22.32,24.5,23.66,18.49,21.38,19.75
"2020-12-21 19:30:48",27.91,24.04,29.1,23.04,22.69,23,24.25,24.38,22.56,23.78,22.38,22.03,22.59,22.55,23.26,19.86,17.9,20.62
"2020-12-21 20:00:48",27.93,23.67,25.75,22.45,24.29,24.78,24.71,24.42,23.74,24.37,24.3,23.65,23.79,24.93,23.94,19.99,18.97,18.63
"2020-12-21 20:30:48",26.06,27.62,25.2,23.97,22.1,23.54,22.94,23.75,23.29,22.3,22.76,23.31,23.08,22.32,24.25,19.14,20.93,20.59
"2020-12-21 21:00:48",27.48,22.68,28.57,22.46,22.62,23.59,23.39,23.22,24.33,22.75,23.24,23.32,24.61,23.09,22.57,18.39,18.94,17.8
"2020-12-21 21:30:48",29.4,26.27,25.22,22.69,22.71,24.42,24.64,22.52,23.05,24.57,22.72,22.38,22.97,22.47,22.39,19.72,21.11,20.94
"2020-12-21 22:00:48",25.37,26.28,28.9,24.6,24.97,22.87,24.34,24.83,22.89,23.88,23.43,24.13,24.63,23.5,22.36,19.08,19.27,20.84
"2020-12-21 22:30:48",22.92,27.8,25.32,24.97,22.02,22.81,23.69,23.7,24.71,22.95,23.24,23.66,24.31,22.68,23.31,17.35,17.82,20.8
"2020-12-21 23:00:48",28.14,26.03,28.35,23.36,22.86,23.74,23.47,23.96,22.22,23.71,23.33,23.95,24.01,22.93,24.69,17.22,19.61,20.83
"2020-12-21 23:30:48",23.37,23.44,28.29,23,23.65,23.3,23.27,23.28,23.12,22.52,22.02,24.62,24.87,24.05,23.82,18.85,21.23,18.27
"2020-12-22 00:00:48",24.17,28.7,22.98,23.31,22.31,24.48,22.13,22.09,22.37,23.29,23.62,23.15,24.62,24.75,24.98,21.72,19.95,20.64
"2020-12-22 00:30:48",25.84,26.94,26.84,23.96,23.58,23.39,24.52,24.56,23.57,23.91,23.72,22.55,23.54,22.04,23.12,17.6,17.59,19.12
"2020-12-22 01:00:48",27.09,29,24.3,23.82,22.7,22.55,24.42,22.3,23.83,24.79,22.9,23.11,22.19,24.47,22,17.62,18.46,19.49
"2020-12-22 01:30:48",23.27,24.97,25.91,22.61,24.33,22.44,23.54,24.82,22.77,24.62,23.03,22.09,23.26,22.62,24.51,21.87,19.96,21.38
"2020-12-22 02:00:48",25.36,25.02,26.47,22.16,24.25,24.03,22.31,24.07,22.11,23.01,24.63,23.74,22.18,22.72,22.75,19.78,20.69,18.64
"2020-12-22 02:30:48",23.23,22.88,25.71,24.22,24.48,24.46,22.54,22.61,22.23,22.22,23,22.16,22.2,24.33,23.21,18.66,17.92,20.11
"2020-12-22 03:00:48",24.69,28.97,22.56,23.07,24.06,24.83,23.02,23.68,22.89,22.85,22.91,24.68,22.74,22.41,24.41,21.65,17.74,18.41
"2020-12-22 03:30:48",23.19,22.53,28.84,24.94,23.2,22.28,24.95,22.16,23.37,23.25,22.86,22.82,24.67,22.43,23.9,19.66,18.61,21.44
"2020-12-22 04:00:48",29.01,27.5,28.21,24.51,22.28,23.47,23.58,23.36,24.93,23.12,24.71,24.55,23.03,22.06,24.32,21.74,18.4,18.12
"2020-12-22 04:30:48",26.25,25.86,26.97,23.13,22.51,23.87,24.86,23.85,22.2,22.28,22.88,24.81,23.15,23.01,22.32,18.04,21.83,17.44
"2020-12-22 05:00:48",27.16,23.51,26.47,24.63,24.48,22.43,23.43,23.19,23.02,24.04,22.15,24.39,24.65,22.48,24.54,18.52,21.72,17.25
"2020-12-22 05:30:48",24.55,25.93,22.65,23.45,24.13,24.37,24.34,24.34,24.75,22.68,24.34,24.83,23.52,23.76,24.05,17.92,18.46,17.14
"2020-12-22 06:00:48",22.83,25.02,24.57,22.52,22.72,24.78,24.72,22.19,23.61,22.42,22.72,24.32,23.98,22.48,22.6,18.63,19.91,21.69
"2020-12-22 06:30:48",26.36,26.99,26.02,22.95,22.98,23.75,23.05,22.09,23.03,22.69,23.05,22.87,23.61,24.14,23.57,21.13,21.56,19.17
"2020-12-22 07:00:48",28.8,27.1,27.65,22.07,23.22,23.95,24.08,23.14,24.71,24.6,22.38,24.12,24.14,22.14,24.51,21.92,18.33,21.55
"2020-12-22 07:30:48",28.12,25.13,23.17,24.33,22.29,23.84,24.18,23.03,24.74,23.74,22.54,24.03,22.37,22.21,23.66,21.09,19.89,21.25
"2020-12-22 08:00:48",24.35,26.59,28.59,24.5,22.48,23.1,24.26,22.28,22.4,22.84,22.83,23.87,22.35,22.7,24.6,19.09,18.36,17.02
"2020-12-22 08:30:48",25.75,27.66,26.53,22.09,22.83,23.62,24.11,22.55,24.81,23.29,23.34,24.41,22.66,23.41,23.65,20.66,21.66,17.72
"2020-12-22 09:00:48",25.75,24.9,29.1,22.71,23.15,22.61,24.7,23.86,22.89,24.67,22.62,22.47,22.68,24.37,24.25,17.1,18.68,18.23
"2020-12-22 09:30:48",28.01,25.44,24.78,23.38,23.58,24.33,23.32,22.91,24.22,24.42,24.16,22.91,22.88,23.53,22.24,17.25,18.39,17.78
"2020-12-22 10:00:48",28.39,24.62,23.86,22.4,24.61,23.56,22.16,23.67,23.8,24.54,22.41,22.34,24.43,23.41,22.83,21.23,18.32,19.51
"2020-12-22 10:30:48",28.28,25.79,27.02,24.17,22.52,22.2,22.62,24.91,24.58,22.82,24.79,22.59,24.16,23.68,24.54,19.99,19.72,17.72
"2020-12-22 11:00:48",25.53,26.79,26.7,22.44,24.31,23.56,22.92,23.01,24.52,23.52,23.13,23.81,23.82,24.5,23.92,17.89,18.74,19.7
"2020-12-22 11:30:48",25.65,26.65,26.48,23.72,23.39,24.46,23.03,23.1,24.72,22.22,23.64,24.14,23.07,24.36,22.78,18.82,21.7,20.76
"2020-12-22 12:00:48",28.64,24.34,23.12,22.28,22.85,23.95,23.95,23.36,24.96,23.08,22.04,24.89,24.45,22.86,22.65,17.43,19.54,21.73
"2020-12-22 12:30:48",23.78,27.04,28.38,23.03,23.61,23.3,23.07,24.19,22.03,22.63,24.07,22.84,24.48,23.81,24.93,17.85,17.67,17.27
"2020-12-22 13:00:48",26.51,28.12,24.09,22.88,22.26,23.13,23.64,24.08,22.23,23.67,22.36,22.5,22.02,22.66,24.49,17.76,20.31,19.26
"2020-12-22 13:30:48",27,26.01,28.81,24.19,23.09,23.98,23.82,24.16,23.5,24.73,23.03,23.8,23.42,23.29,22,18.48,20.02,19.68
"2020-12-22 14:00:48",28.19,28.48,26.52,22.46,23.81,23.88,22.12,24.52,24.49,23.73,24.96,22.78,22.79,24.75,24.3,17.64,20.9,19.87
"2020-12-22 14:30:48",26.35,23.28,28.5,23.59,22.3,22.79,23.03,23.24,24.33,24.3,22.72,24.43,23.24,23.95,22.78,18.48,21.2,21.44
"2020-12-22 15:00:48",24.34,24.16,26.11,22.06,24,24.92,22.68,24.38,24.11,22.05,22.68,23.14,22.64,24.89,24.62,20.8,20.63,18.29
"2020-12-22 15:30:48",23.05,23.02,25.08,24.22,22.87,22.62,24.14,24.9,22.51,22.01,23.7,22.11,24.42,24.66,24.02,21.18,19.38,17.74
"2020-12-22 16:00:48",25.14,24.45,27.48,24.77,24.01,24.54,24.94,22.66,23.14,22.39,23.75,22.91,23.59,24.78,24.81,21.07,19.89,21.48
"2020-12-22 16:30:48",29.35,24.36,26.28,23.02,24.4,24.51,22.69,23.59,24.26,23.92,23.54,22.97,23.94,22.06,22.31,21.51,17.66,19.34
"2020-12-22 17:00:48",28,22.69,26.66,23.23,24.86,22.04,22.55,22.24,24.52,22.24,22.61,23.29,24.38,23.03,24.09,21.64,17.66,19.23
"2020-12-22 17:30:48",28.11,28.95,23.85,23.65,24.97,24.05,24.71,22.3,22.45,24.04,23.79,22.52,23.06,23.49,22.33,20,20.09,21.78
"2020-12-22 18:00:48",24.21,28.72,26.3,24.61,23.07,23.38,23.6,22.8,23.72,24.44,22.93,24.37,24.33,22.11,23.26,20.71,20.1,20.7
"2020-12-22 18:30:48",25.83,26.19,27.14,24.4,22.92,24.94,22.03,23.31,24.58,22.89,22.27,22.96,24.09,22.91,24.75,17.78,18.18,17.03
"2020-12-22 19:00:48",24.29,28.61,28.84,23.79,22.05,23.51,23.72,23.29,24.27,23.7,22.02,22.47,23.87,24.61,24.69,17.56,18.52,19.54
"2020-12-22 19:30:48",22.82,23.45,25.16,23.14,24.02,22.94,22.21,24.83,22.58,23,24.14,23.53,24.1,24.21,24.44,20.74,21.97,20.06
"2020-12-22 20:00:48",25.61,22.57,25.5,22.28,22.26,22.59,22.24,22.08,22.96,23.34,23.56,23.66,24.01,22.65,23.35,21.11,17.5,21.68
"2020-12-22 20:30:48",29.16,28.4,27.57,22.56,22.52,22.33,23.64,23.21,24.16,22.13,24.42,24.74,23.94,24.77,22.94,18.07,19.73,18.23
"2020-12-22 21:00:48",26.48,24.72,22.64,22.46,24.21,23.18,23.05,22.73,23.61,23.87,22.83,22.69,22.72,24.84,23.79,18.12,18.85,20.63
"2020-12-22 21:30:48",26.7,27.94,29.24,24.65,24.89,24.87,24.15,22.61,22.73,24.68,24.17,22.57,22.26,23.19,24.76,17.92,17.18,18.83
"2020-12-22 22:00:48",23.22,23.44,27.51,24.58,23.01,22.11,22.55,24.58,22.88,24.5,24.56,23.94,22.7,22.83,23.29,21.15,18.14,17.92
"2020-12-22 22:30:48",24.38,26.18,23.69,22.95,23.13,24.67,23.01,24.98,23.7,24.2,23.24,23.05,22.13,23.18,22.32,20.07,19.55,20.11
"2020-12-22 23:00:48",25.53,29.5,28.82,23.39,23.4,24.78,22.52,23.62,22.39,23.1,24.51,22.75,23.07,24.46,24.1,20.41,18.42,19.98
"2020-12-22 23:30:48",25.94,26.84,23.47,22.51,22.21,22.74,24.61,22.58,23.15,24.96,23.64,22.77,23.82,24.49,24.91,17.84,21.25,19.92
"2020-12-23 00:00:48",28.07,24.86,27.7,24.96,22.82,24.1,24.08,24.29,24.44,22.9,22.98,24.62,24,22.22,24.74,21.76,20.37,21.66
"2020-12-23 00:30:48",27.02,22.54,23.78,22.61,23.08,24.63,23.87,23.32,23.33,22.59,22.31,23.56,24.15,23.51,22.17,20.71,17.31,17.97
"2020-12-23 01:00:48",29.27,28.64,29.22,24.52,22.44,23.78,24.74,23.72,22.2,22.1,23.54,24.24,22.86,22.59,23.83,17.92,18.81,18.06
"2020-12-23 01:30:48",25.89,28.35,26.84,23.85,23.71,22.59,23.73,22.99,22.14,22.47,22.22,24.54,22.46,22.8,24.21,19.64,21.85,21.14
"2020-12-23 02:00:48",27.34,27.79,23.21,24.36,22.43,23.4,23.29,24.55,23.69,23.48,22.93,22.73,22.87,22.84,22.52,20.95,19.28,17.98
"2020-12-23 02:30:48",24.67,24.77,27.67,24.22,23.67,24.77,22.91,23.94,22.71,23.65,24.65,24.71,23.62,23.14,22.17,17.31,20.83,18.19
"2020-12-23 03:00:48",28.11,26.09,27.59,22.09,24.92,24.53,24.06,22.02,24.33,22.18,24.78,23.52,24.09,22.59,24.68,20.59,19.15,19.22
"2020-12-23 03:30:48",28.67,23.99,27.62,23.63,23.6,23.06,22.02,22.69,22.27,24.18,24.28,24.62,24.67,23.62,23.5,21.25,19.54,19.87
"2020-12-23 04:00:48",23.66,23.58,23.76,23.86,22.28,24.34,24.23,23.1,23.99,24.73,23.96,24.5,22.76,24.81,24.43,17.29,20.84,19.3
"2020-12-23 04:30:48",28.93,26.62,24.37,23.1,23.42,22.55,22.7,24.12,24.92,22.5,23.56,24.4,23.51,22.07,24.34,19.89,21.26,21.28
"2020-12-23 05:00:48",27.61,26.65,29.17,24.99,22.74,24.56,23.72,22.58,23.66,23.65,22.55,23.94,24.18,24.81,23.46,20.37,20.04,20.03
"2020-12-23 05:30:48",22.68,24.87,28.35,22.76,24.33,23.25,23.16,23.63,24.7,23.54,23.67,23.12,22.14,23.1,24.9,19.94,19.77,21.95
"2020-12-23 06:00:48",24.17,24.65,27.38,23.65,24.58,24.55,22.44,23.34,22.32,22.58,24.36,23.64,24.52,24.63,22.47,21.87,20.73,20.68
"2020-12-23 06:30:48",28.54,24.65,28.41,24.01,23.5,23.44,23.08,22.16,23.34,24.67,24.25,24.95,22.7,24.44,24.56,18.21,17.79,17.11
"2020-12-23 07:00:48",23.78,25.62,22.84,22.85,24.33,22.9,23.35,22.2,24.58,24.72,23.32,23.09,22.54,24.43,24.31,21.19,18.46,19.84
"2020-12-23 07:30:48",23.11,25.2,23.27,22.71,24.71,24.48,23.89,23.9,22.84,22.17,22.45,24.93,24.32,23.31,22.81,17.39,20.7,21.51
"2020-12-23 08:00:48",23.21,26.69,24.83,22.16,22.1,23.57,24.31,24.77,24.3,23.88,23.55,24.69,23.05,24.59,24.94,17.73,17.15,19.5
"2020-12-23 08:30:48",24.27,23.77,24.77,22.45,22.45,22.23,22.03,23.01,24.5,24.49,22.16,24.05,23.61,23.21,22.85,17.05,17.4,19.85
"2020-12-23 09:00:48",27.69,24.81,22.78,24.87,23.42,24.48,23.09,24.77,23.87,23.19,23.07,24.17,23.3,23.34,22.53,19.28,20.08,17.8
"2020-12-23 09:30:48",25.22,24.92,28.81,22.76,23.7,22.87,23.1,24.43,22.21,22.49,24.85,24.28,23.19,22.45,22.97,20.52,19.81,20.99
"2020-12-23 10:00:48",26.94,26.83,23.62,23.24,24.49,22.78,24.71,23.03,24.36,23.04,24.01,24.52,22.64,22.71,22.46,18.59,21.81,19.1
"2020-12-23 10:30:48",24.05,23.67,24.61,24.45,23.85,22.67,23.32,22.74,23.64,23.55,24.56,22.39,22.91,22.83,23.16,19.42,19.09,19
"2020-12-23 11:00:48",26.08,25.18,23.54,24.23,22.49,24.28,23.89,24.64,22.66,24.29,24.11,23.94,24.46,23.58,22.13,20.7,21.64,18.33
"2020-12-23 11:30:48",27.11,24.2,27.09,22.06,22.32,24.69,24.96,24.07,22.24,22.15,22.28,23.64,22.1,22.8,23.05,21.82,17.78,17.95
"2020-12-23 12:00:48",28.33,28.5,27.98,24.17,24.78,24.29,23.99,24.9,22.39,24.65,24.46,22.85,23.97,24.91,24.2,19.09,20.1,19.9
"2020-12-23 12:30:48",24.34,23.2,29.34,22.86,23.51,22.11,23.92,24.94,23.34,23.44,22.12,22.12,22.77,24.91,24.64,20.4,17.33,21.31
"2020-12-23 13:00:48",29.46,28.17,24.6,24.91,22.2,22.69,23.84,22.64,24.2,22,24.02,22.57,24.94,24.23,24.23,18.75,21.89,20.82
"2020-12-23 13:30:48",22.7,25.08,24.88,24.21,24.83,24.69,23.47,24.37,23.12,22.68,23.09,23.09,23.44,24.72,24.11,17.31,17.53,20.41
"2020-12-23 14:00:48",26.09,23.38,27.08,23.32,23.97,24.06,23.63,23.75,22.44,24.29,23.59,22.82,22.85,24.36,23.83,19.8,21.38,21.73
"2020-12-23 14:30:48",24.8,25.13,26.34,24.37,24.63,23.49,24.86,22.81,23.15,24.23,22.92,24.12,22.28,23.66,23.48,17.22,17.71,20.16
"2020-12-23 15:00:48",23.37,22.82,25.07,24.81,22.67,22.44,24.22,22.88,22.37,23.66,23.16,22.15,22.6,22.6,24.67,17.55,19.9,20.51
"2020-12-23 15:30:48",27.28,27.66,24.96,23.29,22.33,24.06,24.63,22.43,24.25,24.6,24.2,23.52,23.02,22.13,22.96,18.93,21.21,18.17
"2020-12-23 16:00:48",22.69,23.17,27.66,23.51,22.53,23.19,22.22,24.28,24.61,24.65,24.88,23.1,22.27,23.86,23.72,18.27,20.87,19.19
"2020-12-23 16:30:48",29.44,24.43,28.28,23.77,24.02,23.33,23.56,22.2,24.11,24.06,24.35,23.23,22.11,24.49,24.51,18.62,18.47,20.24
"2020-12-23 17:00:48",27.83,23.52,28.65,22.88,23.23,23.06,23.6,22.33,23.5,22.36,22.52,23.3,24.62,23.14,24.49,19.02,20.47,20.22
"2020-12-23 17:30:48",24.35,24.31,26.95,24.09,23.29,23.07,23.22,22.23,22.89,24.24,23.34,24.06,24.2,23.22,24.56,19.3,21.45,20.17
"2020-12-23 18:00:48",25.94,24.84,26.73,22.05,23.17,24.73,24.34,24.35,22.04,24.4,23.12,23.98,24.61,24.03,24.82,19.49,18.86,17.02
"2020-12-23 18:30:48",24.08,24.94,22.52,22.12,22.76,24.78,23.28,23.73,24.7,22.45,23.84,23.59,22.38,24.09,24.9,19.61,19.36,17.32
"2020-12-23 19:00:48",24.55,27.68,25.12,24.59,24.17,23.4,23.76,24.95,23.48,24.12,22.42,22.34,24.59,24.16,22.95,18.4,18.23,21.99
"2020-12-23 19:30:48",27.71,23.39,22.82,23.21,22.41,23.05,22.17,23.14,24.24,23.66,22.09,22.32,23.38,22.53,22.11,20.85,20.87,17.88
"2020-12-23 20:00:48",23.09,24.76,24.72,23.52,22.14,23.22,23.31,23.93,24.86,22.75,24.5,22.23,23.29,22.26,24.18,19.69,19.09,20.71
"2020-12-23 20:30:48",23.58,23.74,26.85,24.37,22.64,24.32,23.58,22.21,23.23,22.51,22.42,22.68,22.93,23.76,24.94,17.87,19.96,20.14
"2020-12-23 21:00:48",29.37,27.47,22.88,22.84,23.38,24.84,23.82,22.12,22.74,24.51,23.17,23.02,23.39,24.63,22.21,17.1,18.18,21.18
"2020-12-23 21:30:48",29.01,24.35,27,23.62,22.26,22.09,24.3,22.26,22.54,23.96,23.78,22.92,24.07,23.61,24.27,20.08,17.41,19.04
"2020-12-23 22:00:48",22.58,25.74,24.57,22.59,24.92,24.19,22.86,23.53,22.67,24.21,22.94,23.32,23.91,24.28,22.84,18.42,20.7,17.81
"2020-12-23 22:30:48",27.56,28.93,27.89,22.07,23.27,22.77,23.36,22.34,24.37,24.88,24.52,22.59,23.72,23.89,24.02,17.44,17.78,20.55
"2020-12-23 23:00:48",26.43,25.64,27.47,22.53,23.04,23.05,22.73,24.78,24.78,24.52,22.9,23.72,23.08,22.23,23.85,17.44,17.63,19.84
"2020-12-23 23:30:48",25.92,26.97,28.69,23.96,22.26,22.26,23.08,23.22,23.17,24.26,23.47,23.03,22,22.48,24.18,17.7,18.18,21.71
